Nome,Srta. Catarina Porto
Idade,88
Email,joao-lucasalmeida@hotmail.com
Telefone(041) 0095 8427
Sr. Luiz Felipe Costa,4,alvesrenan@santos.br,"84 1206 7874
"
Nome,Dra. Emanuelly Souza
Idade,35
Email,imoreira@da.br
Telefone(011) 1224-7827
Dr. Pedro Lucas Cavalcanti,29,castroguilherme@hotmail.com,"+55 51 5486 6763
"
Nome,Sofia Costa
Idade,47
Email,xbarbosa@yahoo.com.br
Telefone+55 (041) 5983-7899
João Guilherme Barros,16,fogacafernando@da.com,"+55 (051) 8412 0875
"
Nome,Stella Duarte
Idade,53
Email,franciscodas-neves@ig.com.br
Telefone(081) 1367-1493
Lorenzo Moura,52,lviana@lopes.org,"+55 (081) 2858 3366
"
Nome,Sr. Luiz Felipe Viana
Idade,2
Email,limanicolas@hotmail.com
Telefone41 6419 0067
Dr. André Nunes,20,caue35@ig.com.br,"+55 (021) 9804 4188
"
Nome,Dr. Arthur Rocha
Idade,38
Email,joao-miguel06@gomes.com
Telefone+55 84 3068-2377
Luiza da Rocha,87,isaac90@hotmail.com,"+55 (084) 4224-1285
"
Nome,Cecília Rezende
Idade,67
Email,lteixeira@hotmail.com
Telefone(071) 5442-8086
Julia Teixeira,55,otaviomonteiro@uol.com.br,"+55 (081) 4480 9779
"
Nome,Vitor Hugo Ribeiro
Idade,2
Email,yasmin06@sales.com
Telefone+55 (041) 0303-2658
Yago Alves,54,vnunes@rocha.net,"21 2068 0887
"
Nome,Nina Moraes
Idade,8
Email,lopespedro-miguel@uol.com.br
Telefone(081) 1055 9207
Sofia Sales,86,maria-luizapeixoto@caldeira.org,"+55 (011) 7233-5027
"
Nome,Dr. Alexandre Jesus
Idade,88
Email,da-rosalorena@bol.com.br
Telefone21 9332 2635
Dra. Nicole Jesus,62,correiamaria-julia@barbosa.org,"(011) 8656 4947
"
Nome,Lívia Almeida
Idade,10
Email,eda-cunha@costa.com
Telefone+55 11 4935-1151
Kevin Dias,54,ana-juliadias@hotmail.com,"71 3974-3381
"
Nome,Sofia Alves
Idade,28
Email,vitor61@silveira.com
Telefone+55 (011) 9137-2099
Alexia Ramos,82,lgomes@hotmail.com,"+55 (081) 9522 6029
"
Nome,Júlia Costa
Idade,98
Email,marina54@moura.com
Telefone+55 71 6166 1503
Vitor Pereira,23,ifernandes@bol.com.br,"51 5498 3855
"
Nome,Dra. Gabrielly Pereira
Idade,94
Email,sgomes@ig.com.br
Telefone81 8066 9493
Maria Eduarda Alves,76,diasnicolas@rezende.org,"+55 61 8787-3303
"
Nome,Sra. Mirella Souza
Idade,48
Email,thiagocosta@aragao.com
Telefone+55 31 1607 6042
Carlos Eduardo Rocha,65,lorenzo26@porto.net,"(081) 9384-6039
"
Nome,Maria Rodrigues
Idade,17
Email,azevedoraul@bol.com.br
Telefone41 3022 1509
Valentina da Mota,94,aragaoguilherme@nogueira.com,"71 2776-2482
"
Nome,Vitória Costela
Idade,1
Email,lrocha@da.org
Telefone51 3085 3783
Davi Luiz Ribeiro,80,theo04@gmail.com,"+55 (081) 3135-6236
"
Nome,Lorenzo Silveira
Idade,84
Email,da-motavitor-gabriel@azevedo.br
Telefone+55 (031) 7686-9276
Maria Clara Pinto,76,pda-paz@oliveira.com,"+55 11 2895-5899
"
Nome,Eloah Silveira
Idade,13
Email,rezendejoao-vitor@porto.com
Telefone(084) 2634 2720
Anthony Aragão,99,joaquimfreitas@ferreira.com,"+55 51 0089 9100
"
Nome,Dr. Cauê Sales
Idade,58
Email,oporto@da.com
Telefone81 3450 7564
Sarah Araújo,65,cardosonathan@melo.com,"+55 41 6398-8457
"
